                  epoch,         train/box_loss,         train/cls_loss,         train/dfl_loss,   metrics/precision(B),      metrics/recall(B),       metrics/mAP50(B),    metrics/mAP50-95(B),           val/box_loss,           val/cls_loss,           val/dfl_loss,                 lr/pg0,                 lr/pg1,                 lr/pg2
                      1,                   4.08,                  5.211,                 4.1884,                0.00012,                0.01223,                  6e-05,                  2e-05,                 3.9735,                 4.6068,                 4.1477,             0.00054384,             0.00054384,             0.00054384
                      2,                 3.1828,                 4.2991,                 3.4264,                0.00023,                 0.0197,                0.00012,                  3e-05,                 4.1435,                 4.6284,                 4.3377,              0.0010941,              0.0010941,              0.0010941
                      3,                 2.6538,                 3.4771,                 2.6744,                0.08668,                0.13885,                0.04617,                0.01767,                 2.4314,                 5.9009,                 2.7369,              0.0016388,              0.0016388,              0.0016388
                      4,                 2.4126,                 2.9179,                 2.3837,                0.28066,                0.30806,                0.21375,                0.09092,                 2.0669,                 4.6292,                 2.3458,              0.0016422,              0.0016422,              0.0016422
                      5,                  2.184,                 2.5469,                 2.1544,                0.46296,                0.33535,                0.29395,                0.14001,                  1.865,                 2.8102,                 2.1856,              0.0016422,              0.0016422,              0.0016422
                      6,                 2.1072,                 2.2882,                 2.0521,                0.38925,                0.44638,                0.32752,                0.15139,                 1.8477,                 2.4199,                  2.009,               0.001634,               0.001634,               0.001634
                      7,                 1.9679,                 2.0501,                 1.9444,                0.37047,                0.43896,                0.33237,                0.15741,                 1.7428,                  2.295,                 1.9279,              0.0016257,              0.0016257,              0.0016257
                      8,                 1.9703,                 1.9905,                 1.9047,                0.50482,                0.51313,                0.50585,                0.27107,                 1.6189,                 2.1029,                 1.8149,              0.0016175,              0.0016175,              0.0016175
                      9,                 1.9216,                 1.9384,                 1.8614,                0.47106,                0.55191,                0.50409,                0.24947,                 1.6342,                 1.6765,                 1.8022,              0.0016092,              0.0016092,              0.0016092
                     10,                  1.847,                 1.7921,                 1.7852,                0.56417,                0.56755,                0.54682,                0.29327,                 1.5976,                 1.6003,                 1.7792,               0.001601,               0.001601,               0.001601
                     11,                  1.795,                 1.6482,                 1.7339,                0.58246,                0.55985,                0.55845,                0.30638,                 1.5593,                 1.5217,                 1.7362,              0.0015927,              0.0015927,              0.0015927
                     12,                 1.7957,                 1.6633,                 1.7353,                0.56869,                0.60223,                0.59143,                0.32713,                 1.5361,                 1.4343,                 1.7096,              0.0015845,              0.0015845,              0.0015845
                     13,                 1.7895,                 1.5969,                 1.6954,                0.63699,                0.61643,                0.63632,                0.35495,                 1.5081,                  1.359,                 1.6681,              0.0015762,              0.0015762,              0.0015762
                     14,                 1.7111,                 1.5827,                 1.6698,                0.65072,                0.58415,                0.63822,                0.36581,                 1.5007,                 1.3242,                 1.6862,               0.001568,               0.001568,               0.001568
                     15,                 1.6803,                 1.4953,                 1.6722,                0.63503,                0.62095,                0.63586,                0.35928,                 1.5142,                 1.3003,                 1.7061,              0.0015597,              0.0015597,              0.0015597
                     16,                  1.683,                 1.4834,                 1.6326,                0.60625,                0.68137,                0.65495,                0.38285,                   1.44,                 1.2522,                 1.6288,              0.0015515,              0.0015515,              0.0015515
                     17,                 1.6625,                 1.4542,                 1.6478,                0.58087,                0.68782,                0.68134,                0.38206,                 1.4607,                 1.2905,                 1.6466,              0.0015432,              0.0015432,              0.0015432
                     18,                  1.629,                 1.3908,                  1.606,                0.63694,                0.68648,                0.68441,                0.39276,                 1.4368,                 1.2067,                 1.6273,               0.001535,               0.001535,               0.001535
                     19,                 1.6422,                 1.3979,                 1.6062,                0.67911,                0.66699,                0.69806,                0.40262,                 1.4398,                   1.19,                 1.6133,              0.0015267,              0.0015267,              0.0015267
                     20,                  1.664,                 1.3829,                 1.6152,                0.69783,                0.67347,                0.69715,                0.40335,                 1.4277,                 1.1705,                 1.5945,              0.0015185,              0.0015185,              0.0015185
                     21,                 1.5595,                 1.3359,                 1.5377,                0.70132,                0.64785,                 0.6949,                 0.4087,                 1.4132,                 1.1627,                 1.6117,              0.0015102,              0.0015102,              0.0015102
                     22,                 1.5799,                 1.3276,                 1.5685,                 0.7118,                0.71842,                0.73887,                 0.4266,                 1.4297,                 1.1013,                  1.587,               0.001502,               0.001502,               0.001502
                     23,                 1.5515,                 1.2891,                 1.5448,                  0.698,                0.73144,                 0.7382,                0.43044,                 1.4067,                 1.1187,                 1.5851,              0.0014937,              0.0014937,              0.0014937
                     24,                 1.5768,                 1.3015,                 1.5579,                0.67256,                0.70166,                0.70302,                0.41628,                 1.3944,                 1.1371,                 1.5744,              0.0014855,              0.0014855,              0.0014855
                     25,                 1.5114,                 1.2284,                 1.5348,                0.67643,                0.73011,                0.74991,                0.44265,                 1.3755,                 1.0709,                 1.5745,              0.0014772,              0.0014772,              0.0014772
                     26,                 1.5501,                 1.2118,                 1.5369,                0.64901,                0.75046,                0.73044,                0.41605,                 1.4373,                 1.2598,                 1.6162,               0.001469,               0.001469,               0.001469
                     27,                 1.5274,                 1.2335,                 1.4935,                0.71383,                0.72523,                0.74027,                0.41889,                  1.422,                 1.0846,                 1.6097,              0.0014607,              0.0014607,              0.0014607
                     28,                 1.5291,                 1.2308,                  1.521,                0.70673,                0.73082,                0.75698,                0.46089,                 1.3454,                 1.0133,                 1.5328,              0.0014525,              0.0014525,              0.0014525
                     29,                 1.5025,                 1.1831,                 1.5097,                0.71771,                0.75188,                 0.7755,                0.47282,                  1.359,                 1.0246,                 1.5339,              0.0014442,              0.0014442,              0.0014442
                     30,                 1.4912,                 1.1718,                 1.4963,                0.68586,                0.75458,                0.77828,                0.47319,                 1.3348,                 1.0596,                 1.5095,               0.001436,               0.001436,               0.001436
                     31,                 1.4885,                  1.137,                 1.4746,                 0.7274,                0.74493,                0.77207,                0.46353,                 1.3546,                 1.0106,                 1.5351,              0.0014277,              0.0014277,              0.0014277
                     32,                 1.4814,                 1.1535,                  1.473,                0.73286,                0.74126,                0.78944,                0.47649,                 1.3518,                0.97957,                 1.5314,              0.0014195,              0.0014195,              0.0014195
                     33,                 1.4612,                 1.1232,                 1.4955,                0.73232,                0.77066,                 0.7996,                0.48826,                 1.3449,                 0.9367,                 1.5402,              0.0014112,              0.0014112,              0.0014112
                     34,                  1.473,                 1.1256,                 1.4879,                0.73523,                0.75028,                0.77751,                0.46081,                 1.3471,                0.96449,                 1.5293,              0.0014029,              0.0014029,              0.0014029
                     35,                 1.4462,                 1.1148,                 1.4813,                0.69644,                 0.7415,                0.77345,                0.47722,                 1.3199,                0.97792,                 1.5205,              0.0013947,              0.0013947,              0.0013947
                     36,                  1.421,                 1.1022,                 1.4551,                0.74305,                0.73462,                 0.7741,                0.46479,                 1.3531,                0.98059,                 1.5173,              0.0013864,              0.0013864,              0.0013864
                     37,                 1.4414,                 1.0703,                 1.4614,                0.75694,                0.77702,                0.80565,                0.49539,                 1.2863,                0.94214,                 1.4918,              0.0013782,              0.0013782,              0.0013782
                     38,                    1.4,                 1.0733,                 1.4406,                0.72326,                0.75394,                0.77988,                0.48352,                 1.3014,                 1.0158,                 1.5028,              0.0013699,              0.0013699,              0.0013699
                     39,                 1.4203,                 1.0646,                 1.4277,                0.76801,                0.75233,                0.80857,                0.50139,                 1.2853,                0.90742,                 1.4905,              0.0013617,              0.0013617,              0.0013617
                     40,                 1.4252,                 1.0679,                 1.4379,                0.68484,                 0.7832,                0.81178,                0.50465,                 1.2812,                0.93344,                 1.4982,              0.0013534,              0.0013534,              0.0013534
                     41,                 1.4504,                 1.0685,                 1.4755,                0.71931,                0.77261,                0.80895,                0.49291,                 1.3112,                0.94936,                 1.5098,              0.0013452,              0.0013452,              0.0013452
                     42,                 1.4088,                 1.0454,                 1.4444,                0.76805,                 0.8275,                0.84692,                0.53482,                 1.2427,                0.84269,                 1.4624,              0.0013369,              0.0013369,              0.0013369
                     43,                 1.3785,                 1.0179,                 1.4275,                0.75723,                0.81561,                0.83355,                0.51701,                 1.2806,                0.85969,                 1.4923,              0.0013287,              0.0013287,              0.0013287
                     44,                 1.3861,                 1.0038,                 1.4343,                0.76882,                0.80442,                0.82899,                0.52546,                 1.2556,                0.86761,                 1.4615,              0.0013204,              0.0013204,              0.0013204
                     45,                 1.3923,                 1.0427,                 1.4278,                0.78029,                 0.7701,                0.83002,                 0.5092,                 1.2907,                0.89092,                 1.4812,              0.0013122,              0.0013122,              0.0013122
                     46,                 1.3938,                 1.0136,                 1.4441,                0.77938,                0.80931,                0.82673,                0.50656,                 1.2977,                0.88969,                 1.4793,              0.0013039,              0.0013039,              0.0013039
                     47,                 1.4117,                 1.0215,                 1.4217,                0.79116,                0.80516,                0.83827,                0.52713,                 1.2482,                  0.826,                 1.4539,              0.0012957,              0.0012957,              0.0012957
                     48,                 1.3993,                 1.0057,                 1.4253,                0.78615,                0.81177,                0.83706,                 0.5263,                 1.2616,                 0.8643,                 1.4641,              0.0012874,              0.0012874,              0.0012874
                     49,                 1.3796,                 1.0182,                  1.419,                0.77786,                0.83196,                0.85251,                0.54346,                  1.221,                0.82075,                 1.4198,              0.0012792,              0.0012792,              0.0012792
                     50,                 1.3432,                0.95889,                 1.3999,                0.77555,                0.80712,                0.83992,                0.54066,                 1.2407,                0.86152,                 1.4283,              0.0012709,              0.0012709,              0.0012709
                     51,                 1.3635,                 0.9733,                 1.3959,                0.82464,                0.82301,                  0.871,                0.56187,                 1.2205,                0.77566,                 1.4309,              0.0012627,              0.0012627,              0.0012627
                     52,                 1.3271,                0.95762,                 1.4007,                0.79409,                0.83165,                0.86128,                0.54873,                 1.2462,                0.81503,                 1.4491,              0.0012544,              0.0012544,              0.0012544
                     53,                 1.3318,                0.93646,                 1.3992,                0.81021,                0.80489,                0.85113,                 0.5468,                 1.2389,                0.81251,                 1.4591,              0.0012462,              0.0012462,              0.0012462
                     54,                 1.3585,                 0.9447,                  1.396,                0.79571,                0.80068,                0.85926,                0.56676,                 1.1951,                0.84409,                 1.4175,              0.0012379,              0.0012379,              0.0012379
                     55,                 1.3299,                 0.9669,                 1.4009,                0.79394,                0.77142,                0.84202,                0.54832,                 1.2023,                 0.8272,                 1.4143,              0.0012297,              0.0012297,              0.0012297
                     56,                 1.3518,                0.99337,                 1.3887,                0.77781,                0.80521,                0.81839,                0.53691,                   1.21,                0.83724,                 1.4177,              0.0012214,              0.0012214,              0.0012214
                     57,                 1.3491,                0.95198,                 1.4005,                 0.8054,                0.85317,                0.87815,                0.57966,                 1.1815,                0.74289,                 1.3984,              0.0012132,              0.0012132,              0.0012132
                     58,                 1.3006,                 0.9384,                 1.3582,                 0.7211,                0.79641,                0.85033,                0.55128,                  1.208,                0.85852,                 1.4247,              0.0012049,              0.0012049,              0.0012049
                     59,                 1.3292,                0.89784,                 1.3895,                0.79049,                0.84259,                 0.8603,                 0.5527,                 1.1985,                0.79825,                 1.4085,              0.0011967,              0.0011967,              0.0011967
                     60,                 1.3531,                0.94225,                 1.4005,                0.80517,                 0.8489,                 0.8751,                0.57021,                 1.1928,                0.75593,                 1.4001,              0.0011884,              0.0011884,              0.0011884
                     61,                 1.3419,                0.91617,                 1.3896,                0.80828,                0.84674,                 0.8753,                0.57293,                 1.1863,                0.74349,                 1.3985,              0.0011802,              0.0011802,              0.0011802
                     62,                 1.3282,                0.89746,                 1.3791,                0.82743,                 0.8284,                0.86743,                0.55754,                  1.218,                0.77162,                 1.4261,              0.0011719,              0.0011719,              0.0011719
                     63,                 1.2984,                0.87584,                  1.354,                0.82247,                0.84178,                0.87598,                0.56803,                 1.1628,                0.74705,                 1.3759,              0.0011636,              0.0011636,              0.0011636
                     64,                 1.3188,                0.90315,                 1.3619,                0.83567,                0.84128,                  0.884,                0.58837,                 1.1538,                0.74035,                 1.3767,              0.0011554,              0.0011554,              0.0011554
                     65,                 1.2927,                0.87219,                  1.364,                0.81716,                0.87623,                0.89143,                0.59962,                  1.152,                0.71926,                 1.3774,              0.0011471,              0.0011471,              0.0011471
                     66,                  1.298,                 0.8848,                 1.3543,                0.82442,                0.85519,                0.89015,                0.59601,                 1.1456,                0.72911,                 1.3793,              0.0011389,              0.0011389,              0.0011389
                     67,                 1.2951,                0.90576,                 1.3606,                0.80058,                0.84073,                0.89818,                0.59878,                 1.1553,                0.73428,                 1.3886,              0.0011306,              0.0011306,              0.0011306
                     68,                 1.2993,                0.88911,                 1.3483,                0.81541,                0.87062,                0.89145,                 0.5879,                 1.1696,                0.73071,                 1.3747,              0.0011224,              0.0011224,              0.0011224
                     69,                 1.2835,                 0.8646,                 1.3571,                0.81524,                0.86563,                0.89853,                0.60253,                 1.1433,                0.70933,                 1.3594,              0.0011141,              0.0011141,              0.0011141
                     70,                 1.2747,                0.87419,                 1.3509,                0.82804,                0.85676,                0.90643,                0.60477,                 1.1426,                0.71073,                 1.3604,              0.0011059,              0.0011059,              0.0011059
                     71,                  1.296,                0.86517,                 1.3535,                0.82747,                0.88647,                0.89917,                0.60238,                 1.1248,                 0.6939,                  1.355,              0.0010976,              0.0010976,              0.0010976
                     72,                 1.3102,                0.85236,                 1.3613,                0.79927,                0.89394,                0.90419,                0.60498,                 1.1346,                0.70565,                 1.3571,              0.0010894,              0.0010894,              0.0010894
                     73,                  1.266,                0.84605,                 1.3337,                0.81881,                0.88286,                0.89854,                 0.6017,                 1.1475,                0.69489,                 1.3586,              0.0010811,              0.0010811,              0.0010811
                     74,                  1.292,                0.84784,                 1.3496,                0.83683,                0.86634,                0.90486,                0.56744,                  1.233,                0.70228,                 1.4171,              0.0010729,              0.0010729,              0.0010729
                     75,                 1.2926,                0.84533,                 1.3408,                0.85842,                0.85811,                0.90296,                0.62349,                 1.1059,                0.66869,                  1.332,              0.0010646,              0.0010646,              0.0010646
                     76,                 1.2631,                0.83168,                 1.3162,                0.85081,                0.86573,                0.90764,                0.61297,                 1.1156,                0.67637,                 1.3403,              0.0010564,              0.0010564,              0.0010564
                     77,                 1.2447,                0.85217,                 1.3442,                0.80902,                0.88501,                0.90611,                0.60167,                 1.1526,                0.69415,                 1.3541,              0.0010481,              0.0010481,              0.0010481
                     78,                 1.2576,                 0.8352,                 1.3341,                0.86346,                0.86518,                0.92404,                0.63165,                 1.1137,                0.65839,                 1.3344,              0.0010399,              0.0010399,              0.0010399
                     79,                 1.2484,                0.83719,                 1.3265,                 0.8399,                 0.8929,                0.92453,                0.63028,                 1.1107,                0.67585,                 1.3396,              0.0010316,              0.0010316,              0.0010316
                     80,                 1.2404,                0.82804,                 1.3289,                0.83952,                0.87537,                0.91175,                0.61346,                 1.1138,                0.69721,                 1.3403,              0.0010234,              0.0010234,              0.0010234
                     81,                 1.2467,                0.83616,                 1.3137,                 0.8368,                0.86576,                 0.9093,                0.61219,                 1.1263,                0.70061,                 1.3433,              0.0010151,              0.0010151,              0.0010151
                     82,                 1.2254,                0.78981,                 1.3181,                0.85654,                0.88192,                0.92107,                0.62965,                 1.0885,                0.63499,                 1.3214,              0.0010069,              0.0010069,              0.0010069
                     83,                  1.238,                0.82133,                 1.3099,                0.86014,                 0.8907,                0.92375,                0.62798,                 1.0966,                0.64755,                 1.3234,             0.00099862,             0.00099862,             0.00099862
                     84,                 1.2545,                0.82011,                  1.324,                0.84968,                0.86688,                 0.9124,                0.62628,                  1.088,                0.64917,                  1.323,             0.00099036,             0.00099036,             0.00099036
                     85,                 1.2452,                0.81293,                 1.3211,                0.86051,                 0.8934,                0.92251,                0.64336,                 1.0793,                0.63234,                 1.3124,             0.00098211,             0.00098211,             0.00098211
                     86,                 1.2235,                0.78793,                  1.324,                0.86725,                0.88628,                0.93458,                0.64771,                 1.0711,                0.62554,                 1.3045,             0.00097386,             0.00097386,             0.00097386
                     87,                    1.2,                0.78997,                 1.2861,                0.87011,                0.89111,                0.93688,                0.64797,                  1.073,                 0.6273,                  1.296,             0.00096561,             0.00096561,             0.00096561
                     88,                 1.2206,                0.79226,                 1.2931,                0.86293,                0.87802,                0.92968,                0.63603,                 1.0848,                0.63051,                 1.3142,             0.00095736,             0.00095736,             0.00095736
                     89,                 1.2521,                0.84239,                 1.3028,                 0.8342,                0.87095,                0.93262,                0.63719,                 1.0886,                0.67009,                 1.3209,             0.00094911,             0.00094911,             0.00094911
                     90,                  1.207,                 0.7858,                 1.2936,                 0.8597,                0.89541,                0.92981,                0.63701,                 1.0735,                0.62971,                 1.3139,             0.00094085,             0.00094085,             0.00094085
                     91,                 1.2411,                0.78633,                 1.3117,                 0.8544,                0.90871,                0.93273,                0.63347,                 1.0935,                0.61697,                  1.319,              0.0009326,              0.0009326,              0.0009326
                     92,                 1.2223,                0.80693,                  1.315,                0.87862,                0.88916,                0.93628,                 0.6617,                 1.0559,                0.60592,                 1.3013,             0.00092435,             0.00092435,             0.00092435
                     93,                 1.2217,                0.78236,                  1.294,                0.85735,                0.91293,                0.93715,                0.65014,                 1.0537,                0.60561,                 1.2883,              0.0009161,              0.0009161,              0.0009161
                     94,                  1.195,                 0.7806,                 1.3034,                0.86107,                0.89341,                0.93473,                0.65038,                 1.0355,                0.64228,                 1.2741,             0.00090785,             0.00090785,             0.00090785
                     95,                 1.2154,                0.75927,                 1.2847,                0.87039,                 0.9074,                0.94354,                0.66947,                 1.0283,                0.59303,                 1.2699,              0.0008996,              0.0008996,              0.0008996
                     96,                  1.218,                0.77362,                 1.2891,                 0.8727,                0.89182,                0.93314,                  0.651,                 1.0451,                 0.6232,                 1.2842,             0.00089134,             0.00089134,             0.00089134
                     97,                 1.2249,                0.78921,                  1.311,                0.88098,                0.91022,                0.94084,                0.65221,                 1.0415,                0.59498,                 1.2802,             0.00088309,             0.00088309,             0.00088309
                     98,                  1.171,                0.74987,                 1.2691,                0.89187,                 0.9052,                0.93964,                0.65878,                 1.0113,                0.59287,                 1.2567,             0.00087484,             0.00087484,             0.00087484
                     99,                 1.2001,                0.77526,                 1.2877,                0.87118,                0.91877,                0.94428,                0.66825,                 1.0345,                0.60106,                 1.2668,             0.00086659,             0.00086659,             0.00086659
                    100,                 1.1972,                0.76212,                 1.2964,                0.87823,                0.89272,                0.93904,                0.65869,                 1.0444,                0.59774,                 1.2832,             0.00085834,             0.00085834,             0.00085834
                    101,                 1.1879,                0.75538,                 1.2651,                0.88838,                0.91178,                 0.9496,                0.67479,                 1.0228,                0.57708,                 1.2675,             0.00085009,             0.00085009,             0.00085009
                    102,                 1.2015,                0.75268,                 1.2854,                0.86884,                0.90296,                0.94148,                0.66119,                  1.033,                0.59302,                 1.2721,             0.00084184,             0.00084184,             0.00084184
                    103,                 1.1617,                0.71338,                 1.2713,                0.88191,                0.91936,                0.94752,                0.67456,                 1.0186,                0.56981,                 1.2702,             0.00083358,             0.00083358,             0.00083358
                    104,                 1.1705,                0.72257,                 1.2772,                0.87608,                0.92738,                0.94774,                0.67573,                0.99131,                0.58613,                 1.2538,             0.00082533,             0.00082533,             0.00082533
                    105,                 1.1654,                0.73167,                 1.2674,                0.88413,                0.92787,                0.95546,                 0.6889,                0.98901,                0.55637,                  1.244,             0.00081708,             0.00081708,             0.00081708
                    106,                  1.173,                0.73521,                 1.2425,                0.88196,                0.90978,                0.94705,                0.67418,                 1.0026,                0.56695,                 1.2509,             0.00080883,             0.00080883,             0.00080883
                    107,                 1.1602,                0.72524,                 1.2744,                0.89614,                0.91616,                0.94686,                0.67615,                 1.0034,                0.56767,                 1.2542,             0.00080058,             0.00080058,             0.00080058
                    108,                  1.159,                0.72979,                 1.2733,                0.88412,                0.92454,                0.94856,                0.68197,                0.98064,                0.58959,                 1.2453,             0.00079233,             0.00079233,             0.00079233
                    109,                 1.1388,                 0.7267,                  1.239,                0.89237,                0.92334,                 0.9467,                0.67749,                0.99287,                0.57413,                 1.2528,             0.00078407,             0.00078407,             0.00078407
                    110,                 1.1553,                 0.7319,                  1.258,                0.87956,                0.89183,                0.93667,                0.67392,                0.99299,                0.58529,                 1.2404,             0.00077582,             0.00077582,             0.00077582
                    111,                 1.1488,                0.73552,                 1.2436,                0.87917,                0.92837,                0.95488,                0.69189,                0.98024,                0.55973,                 1.2362,             0.00076757,             0.00076757,             0.00076757
                    112,                 1.1367,                0.71328,                 1.2438,                0.88841,                0.92464,                0.95211,                0.68472,                0.98023,                0.55765,                 1.2386,             0.00075932,             0.00075932,             0.00075932
                    113,                 1.1599,                0.72806,                 1.2563,                 0.8982,                0.89912,                0.94599,                0.66571,                 1.0015,                0.57619,                 1.2598,             0.00075107,             0.00075107,             0.00075107
                    114,                 1.1514,                0.71044,                 1.2556,                0.90431,                0.92529,                0.95523,                0.69457,                0.96385,                0.54678,                 1.2293,             0.00074282,             0.00074282,             0.00074282
                    115,                 1.1745,                0.72944,                 1.2735,                0.90186,                0.90948,                0.95473,                  0.682,                 0.9958,                0.56096,                 1.2437,             0.00073456,             0.00073456,             0.00073456
                    116,                 1.1344,                0.71545,                 1.2534,                0.89932,                0.91454,                0.95239,                0.69508,                0.96513,                0.54534,                 1.2274,             0.00072631,             0.00072631,             0.00072631
                    117,                 1.1214,                0.69756,                 1.2397,                0.91129,                0.92883,                0.96204,                0.70673,                0.96165,                0.52721,                 1.2252,             0.00071806,             0.00071806,             0.00071806
                    118,                 1.1584,                0.70577,                 1.2595,                0.91133,                0.90982,                0.95537,                0.68542,                0.98651,                0.54381,                 1.2446,             0.00070981,             0.00070981,             0.00070981
                    119,                 1.1179,                0.69338,                  1.233,                0.90111,                0.93396,                0.96018,                0.70064,                0.94213,                0.52629,                 1.2101,             0.00070156,             0.00070156,             0.00070156
                    120,                 1.1305,                0.68939,                 1.2337,                0.90425,                0.92457,                0.96054,                 0.7038,                0.94312,                0.53577,                 1.2009,             0.00069331,             0.00069331,             0.00069331
                    121,                 1.1025,                0.68095,                 1.2175,                0.90498,                 0.9373,                0.95699,                0.69206,                0.96816,                0.53898,                 1.2242,             0.00068505,             0.00068505,             0.00068505
                    122,                 1.1108,                0.69438,                 1.2307,                0.90147,                0.92534,                0.95553,                0.70032,                0.94207,                0.53851,                 1.2052,              0.0006768,              0.0006768,              0.0006768
                    123,                 1.1232,                0.70385,                  1.243,                0.89906,                0.92942,                0.95982,                0.69935,                 0.9495,                 0.5245,                 1.2077,             0.00066855,             0.00066855,             0.00066855
                    124,                 1.1165,                0.69961,                 1.2528,                0.91553,                0.91389,                0.95699,                0.69203,                0.94373,                0.53319,                 1.2115,              0.0006603,              0.0006603,              0.0006603
                    125,                 1.1034,                0.66517,                 1.2252,                 0.9131,                 0.9271,                0.96386,                0.70706,                0.93487,                0.51027,                 1.2007,             0.00065205,             0.00065205,             0.00065205
                    126,                 1.1038,                0.67026,                 1.2333,                0.90601,                 0.9278,                 0.9633,                 0.7108,                0.93678,                0.51792,                 1.2033,              0.0006438,              0.0006438,              0.0006438
                    127,                 1.0943,                0.66026,                 1.2475,                0.92243,                0.91779,                0.96397,                0.70356,                0.95693,                0.51856,                 1.2141,             0.00063554,             0.00063554,             0.00063554
                    128,                 1.1114,                0.69244,                 1.2398,                0.90876,                0.92704,                0.96355,                0.70235,                0.96599,                0.52638,                 1.2175,             0.00062729,             0.00062729,             0.00062729
                    129,                 1.1174,                0.67077,                 1.2304,                0.91643,                 0.9406,                0.96693,                0.71639,                0.92036,                0.50118,                 1.1884,             0.00061904,             0.00061904,             0.00061904
                    130,                 1.0849,                0.67015,                  1.219,                0.90257,                0.93319,                0.96243,                0.71493,                0.92534,                0.50468,                 1.1969,             0.00061079,             0.00061079,             0.00061079
                    131,                 1.0791,                0.67464,                 1.2079,                0.91301,                 0.9308,                0.96677,                 0.7199,                0.90685,                0.49749,                 1.1832,             0.00060254,             0.00060254,             0.00060254
                    132,                 1.0953,                0.66412,                 1.2241,                0.92161,                0.93097,                0.96803,                0.72296,                0.90617,                0.49714,                 1.1819,             0.00059429,             0.00059429,             0.00059429
                    133,                 1.0939,                0.66363,                 1.2192,                0.90964,                0.93662,                0.96537,                0.71248,                0.91752,                 0.5183,                  1.186,             0.00058603,             0.00058603,             0.00058603
                    134,                 1.0817,                0.66504,                 1.2172,                0.91295,                0.93846,                0.96286,                0.71124,                 0.9231,                0.50623,                 1.1866,             0.00057778,             0.00057778,             0.00057778
                    135,                 1.0838,                0.65578,                 1.2174,                0.89755,                0.91094,                0.95989,                 0.7207,                0.89426,                0.51688,                 1.1731,             0.00056953,             0.00056953,             0.00056953
                    136,                 1.0858,                0.65636,                 1.2183,                0.90376,                0.93468,                0.96346,                 0.7201,                 0.9038,                0.50137,                 1.1801,             0.00056128,             0.00056128,             0.00056128
                    137,                 1.0751,                0.65634,                 1.2223,                0.92497,                0.92711,                0.96615,                0.72079,                0.90906,                0.50376,                 1.1764,             0.00055303,             0.00055303,             0.00055303
                    138,                 1.0878,                0.64985,                 1.2226,                0.92351,                0.94387,                 0.9708,                0.72669,                0.89849,                 0.4863,                 1.1783,             0.00054478,             0.00054478,             0.00054478
                    139,                 1.0732,                0.66491,                 1.2036,                0.93187,                0.93204,                0.96919,                0.73219,                0.88504,                0.48519,                 1.1621,             0.00053652,             0.00053652,             0.00053652
                    140,                 1.0957,                0.66824,                 1.2161,                0.92405,                0.93672,                0.97278,                  0.737,                0.87438,                0.48883,                 1.1567,             0.00052827,             0.00052827,             0.00052827
                    141,                 1.0674,                0.65055,                 1.2024,                0.91976,                0.93263,                0.97025,                  0.726,                0.89996,                0.49313,                 1.1695,             0.00052002,             0.00052002,             0.00052002
                    142,                 1.0442,                0.63602,                 1.1823,                0.92725,                0.93427,                0.97413,                0.73975,                0.87748,                0.47602,                 1.1602,             0.00051177,             0.00051177,             0.00051177
                    143,                 1.0644,                0.63272,                 1.2028,                0.92641,                 0.9374,                0.97131,                0.72611,                0.88552,                0.48353,                 1.1704,             0.00050352,             0.00050352,             0.00050352
                    144,                 1.0678,                0.63933,                  1.188,                0.92753,                0.94004,                0.97428,                 0.7397,                0.87181,                0.46997,                 1.1555,             0.00049527,             0.00049527,             0.00049527
                    145,                 1.0647,                0.64943,                 1.1882,                0.92811,                 0.9386,                0.97375,                0.73645,                0.87533,                0.46975,                 1.1592,             0.00048701,             0.00048701,             0.00048701
                    146,                 1.0522,                0.63979,                  1.188,                0.93596,                0.93739,                0.97414,                0.73449,                0.87563,                0.47062,                 1.1558,             0.00047876,             0.00047876,             0.00047876
                    147,                 1.0509,                0.64281,                 1.2016,                0.91464,                 0.9565,                0.97562,                0.74443,                0.85846,                0.46508,                 1.1429,             0.00047051,             0.00047051,             0.00047051
                    148,                 1.0405,                0.61554,                 1.1863,                0.93377,                0.94138,                 0.9745,                0.74065,                0.85489,                 0.4642,                 1.1451,             0.00046226,             0.00046226,             0.00046226
                    149,                 1.0233,                0.61831,                 1.1792,                0.92947,                0.94632,                0.97298,                0.74491,                0.84478,                0.45881,                 1.1391,             0.00045401,             0.00045401,             0.00045401
                    150,                 1.0411,                0.61479,                 1.1823,                0.92376,                0.94262,                0.97435,                 0.7447,                0.84729,                0.47214,                 1.1405,             0.00044576,             0.00044576,             0.00044576
                    151,                  1.032,                0.62406,                 1.1791,                0.92961,                0.93157,                0.97576,                0.73735,                0.86337,                0.47481,                 1.1451,              0.0004375,              0.0004375,              0.0004375
                    152,                 1.0386,                0.64223,                 1.1858,                0.92257,                0.95052,                 0.9748,                0.75109,                0.83559,                0.46338,                 1.1298,             0.00042925,             0.00042925,             0.00042925
                    153,                   1.03,                0.62449,                 1.1752,                0.93171,                0.93908,                0.97051,                0.73413,                 0.8636,                0.47243,                 1.1455,               0.000421,               0.000421,               0.000421
                    154,                 1.0243,                0.62583,                  1.155,                0.93204,                 0.9476,                0.97594,                0.74694,                0.85137,                 0.4631,                 1.1365,             0.00041275,             0.00041275,             0.00041275
                    155,                 1.0305,                 0.6282,                 1.1731,                0.92265,                0.95544,                0.97692,                0.75575,                0.82645,                0.45163,                 1.1286,              0.0004045,              0.0004045,              0.0004045
                    156,                 1.0387,                0.64082,                 1.1883,                0.93664,                0.94249,                 0.9754,                0.75465,                0.83833,                 0.4548,                 1.1371,             0.00039625,             0.00039625,             0.00039625
                    157,                 1.0232,                0.61764,                 1.1824,                0.93311,                0.95065,                0.97495,                0.75052,                0.85232,                0.45669,                 1.1392,             0.00038799,             0.00038799,             0.00038799
                    158,                 1.0146,                0.60598,                 1.1757,                0.93724,                0.95239,                0.97669,                0.75078,                0.84443,                0.45189,                 1.1302,             0.00037974,             0.00037974,             0.00037974
                    159,                  1.021,                0.61153,                 1.1934,                0.92659,                0.94671,                0.97808,                0.75576,                0.84888,                0.45255,                 1.1341,             0.00037149,             0.00037149,             0.00037149
                    160,                  1.009,                0.60745,                 1.1649,                0.92509,                0.95531,                0.97956,                0.76038,                0.81603,                0.44766,                 1.1209,             0.00036324,             0.00036324,             0.00036324
                    161,                 1.0046,                0.61145,                 1.1671,                0.93408,                0.94717,                0.97702,                  0.759,                0.81427,                0.45055,                 1.1187,             0.00035499,             0.00035499,             0.00035499
                    162,                 1.0127,                 0.6071,                 1.1658,                0.92932,                0.95556,                0.97697,                0.76279,                 0.8091,                0.44026,                 1.1155,             0.00034674,             0.00034674,             0.00034674
                    163,                 1.0066,                0.60345,                 1.1603,                0.92091,                0.95935,                0.97786,                0.76138,                0.80813,                0.44765,                 1.1112,             0.00033848,             0.00033848,             0.00033848
                    164,                  1.025,                0.61826,                 1.1653,                0.92984,                0.95684,                0.98079,                0.76209,                0.81485,                0.44641,                 1.1154,             0.00033023,             0.00033023,             0.00033023
                    165,                0.98774,                0.59854,                 1.1494,                0.92581,                0.96301,                0.97923,                0.76405,                0.80183,                0.43902,                 1.1064,             0.00032198,             0.00032198,             0.00032198
                    166,                0.99091,                0.59642,                 1.1543,                 0.9283,                0.96044,                0.97817,                0.76504,                0.80191,                0.44276,                 1.1048,             0.00031373,             0.00031373,             0.00031373
                    167,                0.98466,                0.58233,                 1.1626,                0.93188,                0.94967,                0.97711,                0.76159,                0.80444,                0.43874,                 1.1045,             0.00030548,             0.00030548,             0.00030548
                    168,                 1.0084,                0.59651,                 1.1537,                0.93265,                0.95295,                0.97859,                0.75904,                0.81293,                0.45059,                 1.1161,             0.00029723,             0.00029723,             0.00029723
                    169,                 1.0072,                0.61584,                 1.1476,                0.92844,                0.95912,                0.97819,                0.76784,                0.80256,                0.44245,                 1.1082,             0.00028897,             0.00028897,             0.00028897
                    170,                0.98812,                0.60325,                 1.1556,                0.93858,                0.95548,                0.98075,                0.77219,                0.78688,                0.43449,                 1.0994,             0.00028072,             0.00028072,             0.00028072
                    171,                0.98033,                0.58299,                 1.1472,                0.93505,                0.96073,                0.98021,                0.77142,                0.79675,                0.42942,                 1.1038,             0.00027247,             0.00027247,             0.00027247
                    172,                 0.9837,                 0.5803,                 1.1429,                0.93053,                0.96498,                0.98038,                 0.7686,                0.80448,                0.43117,                 1.1057,             0.00026422,             0.00026422,             0.00026422
                    173,                0.99816,                0.58361,                 1.1465,                0.93301,                0.96817,                0.98025,                0.77155,                0.79399,                0.42793,                  1.103,             0.00025597,             0.00025597,             0.00025597
                    174,                0.98838,                0.59312,                 1.1633,                0.93795,                0.95596,                0.98027,                0.77334,                0.79457,                0.42686,                 1.1013,             0.00024772,             0.00024772,             0.00024772
                    175,                0.96635,                0.58325,                 1.1319,                0.93907,                0.95708,                0.98204,                0.77642,                0.77643,                0.41928,                 1.0944,             0.00023946,             0.00023946,             0.00023946
                    176,                0.98199,                0.57019,                 1.1526,                0.93757,                0.95675,                0.98225,                0.77794,                0.78465,                0.42402,                 1.0937,             0.00023121,             0.00023121,             0.00023121
                    177,                 0.9649,                0.58723,                  1.147,                0.92952,                0.96636,                0.98184,                0.77613,                0.78823,                0.42426,                 1.0943,             0.00022296,             0.00022296,             0.00022296
                    178,                0.98583,                0.58031,                 1.1323,                0.93793,                0.95567,                0.98214,                0.77358,                0.78602,                0.42152,                 1.0914,             0.00021471,             0.00021471,             0.00021471
                    179,                0.95808,                0.57256,                 1.1353,                0.94061,                0.95447,                0.98005,                0.77392,                 0.7779,                0.42257,                 1.0885,             0.00020646,             0.00020646,             0.00020646
                    180,                0.96027,                 0.5872,                 1.1461,                0.93874,                0.96129,                0.98122,                0.77776,                 0.7729,                0.42225,                 1.0868,             0.00019821,             0.00019821,             0.00019821
                    181,                 0.9584,                0.57409,                 1.1508,                0.93135,                0.95966,                0.98017,                0.77762,                0.77448,                 0.4232,                 1.0867,             0.00018995,             0.00018995,             0.00018995
                    182,                0.95862,                0.57671,                 1.1399,                 0.9331,                0.96357,                0.98051,                0.77766,                0.76552,                 0.4193,                  1.084,              0.0001817,              0.0001817,              0.0001817
                    183,                0.96519,                0.58028,                 1.1413,                0.94181,                0.95115,                0.98049,                0.78093,                0.76487,                0.41958,                 1.0825,             0.00017345,             0.00017345,             0.00017345
                    184,                 0.9624,                0.56999,                 1.1269,                0.93839,                0.96156,                0.98201,                0.78487,                0.75529,                0.41447,                 1.0781,              0.0001652,              0.0001652,              0.0001652
                    185,                0.95685,                 0.5708,                  1.143,                0.93266,                0.96651,                0.98017,                0.78081,                0.77209,                0.41486,                 1.0837,             0.00015695,             0.00015695,             0.00015695
                    186,                0.96215,                0.57511,                 1.1431,                0.94451,                0.95436,                0.98148,                0.78305,                0.75465,                0.41532,                 1.0797,              0.0001487,              0.0001487,              0.0001487
                    187,                0.97165,                0.57278,                 1.1398,                0.94256,                0.95702,                 0.9821,                 0.7755,                 0.7756,                0.42075,                  1.085,             0.00014044,             0.00014044,             0.00014044
                    188,                 0.9516,                0.55891,                 1.1168,                0.94706,                0.95702,                0.98208,                0.78419,                0.75365,                0.41191,                 1.0761,             0.00013219,             0.00013219,             0.00013219
                    189,                0.94998,                0.57547,                 1.1358,                0.94658,                0.95566,                0.98135,                0.78164,                0.76239,                0.41554,                  1.079,             0.00012394,             0.00012394,             0.00012394
                    190,                0.95291,                0.55412,                 1.1239,                0.94166,                 0.9601,                0.98298,                0.78632,                0.75117,                0.41095,                 1.0719,             0.00011569,             0.00011569,             0.00011569
                    191,                0.91255,                0.52506,                  1.147,                 0.9376,                0.96002,                0.98038,                0.77566,                0.77389,                0.42436,                 1.0823,             0.00010744,             0.00010744,             0.00010744
                    192,                0.90154,                0.50581,                 1.1292,                0.93543,                0.96179,                0.98042,                0.77508,                0.76942,                0.42809,                 1.0804,             9.9187e-05,             9.9187e-05,             9.9187e-05
                    193,                 0.8605,                0.48703,                 1.1275,                 0.9326,                0.96285,                 0.9816,                0.78008,                 0.7639,                0.42155,                 1.0784,             9.0935e-05,             9.0935e-05,             9.0935e-05
                    194,                0.87724,                0.49138,                 1.1298,                0.94158,                0.95985,                 0.9817,                0.78416,                0.76072,                0.41299,                 1.0757,             8.2683e-05,             8.2683e-05,             8.2683e-05
                    195,                0.86225,                0.47741,                 1.1286,                0.93309,                0.96502,                0.98135,                0.78196,                0.75682,                0.41435,                 1.0763,             7.4432e-05,             7.4432e-05,             7.4432e-05
                    196,                0.87629,                0.48094,                  1.124,                0.93693,                0.96482,                0.98195,                0.78405,                0.75533,                0.41376,                 1.0735,              6.618e-05,              6.618e-05,              6.618e-05
                    197,                0.86528,                0.47899,                 1.1201,                0.94188,                0.96073,                0.98291,                0.78455,                0.75121,                0.40882,                 1.0705,             5.7928e-05,             5.7928e-05,             5.7928e-05
                    198,                0.85458,                0.46621,                 1.1122,                0.94607,                 0.9579,                0.98299,                 0.7879,                0.74291,                0.40699,                 1.0679,             4.9677e-05,             4.9677e-05,             4.9677e-05
                    199,                0.84945,                0.47266,                 1.1129,                0.94527,                 0.9617,                0.98327,                0.78864,                0.73975,                0.40714,                 1.0654,             4.1425e-05,             4.1425e-05,             4.1425e-05
                    200,                0.86521,                0.47821,                 1.1318,                0.94015,                0.96657,                0.98376,                0.78725,                0.74258,                0.40667,                 1.0651,             3.3173e-05,             3.3173e-05,             3.3173e-05
